City_ID,City,Lat,Lng,Max Temp,Humidity,Cloudiness,Wind Speed,Country,Date
0,hithadhoo,-0.6,73.0833,301.92,71,100,2.34,MV,1712879633
1,atafu village,-8.5421,-172.5159,302.8,75,39,3.6,TK,1712879633
2,puerto ayora,-0.7393,-90.3518,299.01,98,64,2.68,EC,1712879633
3,blackmans bay,-43.0167,147.3167,287.33,69,84,3.77,AU,1712879633
4,ushuaia,-54.8,-68.3,280.96,66,0,11.83,AR,1712879387
5,calingasta,-31.3308,-69.4078,287.08,55,0,5.45,AR,1712879439
6,charlottetown,46.2352,-63.1267,281.31,59,75,7.15,CA,1712879630
7,black river,18.0264,-77.8487,300.83,74,52,4.64,JM,1712879634
8,tsiombe,-25.3,45.4833,293.04,88,95,2.71,MG,1712879335
9,port-aux-francais,-49.35,70.2167,279.2,86,100,3.14,TF,1712879634
10,fort bragg,35.139,-79.006,294.37,91,100,6.69,US,1712879386
11,avarua,-21.2078,-159.775,301.18,89,75,7.2,CK,1712879634
12,edinburgh of the seven seas,-37.0676,-12.3116,291.58,93,56,7.08,SH,1712879368
13,san patricio,28.017,-97.5169,303.12,31,0,4.81,US,1712879379
14,santa cruz cabralia,-16.2781,-39.0247,301.28,78,20,3.09,BR,1712879634
15,sampit,-2.5333,112.95,298.59,94,73,0.28,ID,1712879634
16,adamstown,-25.066,-130.1015,294.33,54,7,5.22,PN,1712879634
17,ust-nera,64.5667,143.2,267.66,88,89,2.44,RU,1712879634
18,rio grande,-32.035,-52.0986,293.21,60,100,6.63,BR,1712879424
19,ust'-ilimsk,58.0006,102.6619,267.84,93,100,0.89,RU,1712879634
20,vorgashor,67.5833,63.95,263.6,87,100,8.97,RU,1712879635
21,garissa,-0.4536,39.6401,299.3,79,100,5.07,KE,1712879635
22,minas de marcona,-15.2119,-75.1103,290.66,78,8,5.44,PE,1712879444
23,bandar lampung,-5.4254,105.258,297.81,93,100,0.32,ID,1712879635
24,carnarvon,-24.8667,113.6333,295.14,59,59,8.74,AU,1712879635
25,whitehorse,60.7161,-135.0538,281.58,29,20,7.2,CA,1712879635
26,san jose,37.3394,-121.895,302.79,37,20,5.66,US,1712879364
27,garachico,28.7781,-17.7646,295.21,31,100,4.63,ES,1712879635
28,rozhniv,48.366,25.2258,286.68,79,98,2.12,UA,1712879635
29,mejit,10.2753,170.8646,299.82,80,100,9.15,MH,1712879635
30,bilibino,68.0546,166.4372,262.59,79,98,1.81,RU,1712879635
31,iqaluit,63.7506,-68.5145,270.0,73,75,1.54,CA,1712879635
32,constantia,44.1833,28.65,290.76,61,34,2.48,RO,1712879390
33,albany,42.6001,-73.9662,288.2,80,100,0.89,US,1712879433
34,nadi,-17.8,177.4167,304.15,70,20,4.12,FJ,1712879636
35,chonchi,-42.6128,-73.8092,284.71,80,0,0.41,CL,1712879636
36,tolanaro,-25.0319,46.9987,296.19,88,40,2.06,MG,1712879636
37,invercargill,-46.4,168.35,283.16,80,99,2.68,NZ,1712879636
38,uturoa,-16.7333,-151.4333,302.14,77,40,8.07,PF,1712879636
39,kyrenia,35.3417,33.3167,288.9,86,7,1.85,CY,1712879636
40,yellowknife,62.456,-114.3525,276.44,60,40,5.66,CA,1712879636
41,al burayqah,30.4062,19.5739,290.87,69,66,3.77,LY,1712879636
42,vodice,43.7608,15.7828,292.13,74,100,6.3,HR,1712879636
43,jinchang,38.4953,102.1739,286.0,35,77,1.55,CN,1712879636
44,haiku-pauwela,20.9219,-156.3051,300.16,69,20,2.57,US,1712879612
45,bethel,41.3712,-73.414,288.91,90,100,3.09,US,1712879636
46,kone,-21.0595,164.8658,296.3,87,100,0.58,NC,1712879636
47,gewane,10.1664,40.6453,301.56,49,55,1.71,ET,1712879636
48,stanley,54.868,-1.6985,286.36,88,40,6.69,GB,1712879636
49,lisala,2.15,21.5167,297.62,66,81,0.67,CD,1712879637
50,grytviken,-54.2811,-36.5092,271.35,69,11,4.59,GS,1712879637
51,aasiaat,68.7098,-52.8699,265.7,96,99,2.44,GL,1712879637
52,solleftea,63.1667,17.2667,275.07,92,93,3.74,SE,1712879637
53,castillos,-34.1667,-53.8333,289.66,61,99,3.42,UY,1712879409
54,port moresby,-9.4431,147.1797,302.33,69,80,5.01,PG,1712879417
55,ilulissat,69.2167,-51.1,267.16,86,100,1.54,GL,1712879637
56,ust-tsilma,65.441,52.1498,274.6,99,100,7.6,RU,1712879377
57,puerto natales,-51.7236,-72.4875,276.41,90,47,2.45,CL,1712879462
58,waitangi,-43.9535,-176.5597,290.83,92,100,6.26,NZ,1712879637
59,ciudad madero,22.2667,-97.8333,298.18,51,27,5.38,MX,1712879596
60,ghanzi,-21.5667,21.7833,291.53,38,49,3.38,BW,1712879637
61,meulaboh,4.1363,96.1285,299.12,88,83,1.73,ID,1712879638
62,alofi,-19.0595,-169.9187,303.09,74,75,3.6,NU,1712879638
63,teluknaga,-6.0989,106.6381,299.36,91,40,1.79,ID,1712879638
64,cururupu,-1.8283,-44.8683,297.64,97,66,0.68,BR,1712879638
65,fort mcmurray,56.7268,-111.381,286.92,26,75,6.69,CA,1712879494
66,badger,64.8,-147.5333,280.36,43,75,5.14,US,1712879445
67,bredasdorp,-34.5322,20.0403,286.25,74,5,3.51,ZA,1712879638
68,klyuchi,52.2667,79.1667,270.1,70,64,2.99,RU,1712879638
69,malango,-2.9627,119.9001,294.03,99,100,0.24,ID,1712879381
70,rikaze,29.25,88.8833,272.29,42,10,1.1,CN,1712879614
71,qaqortoq,60.7167,-46.0333,265.63,89,44,1.93,GL,1712879639
72,longyearbyen,78.2186,15.6401,257.06,60,0,2.57,SJ,1712879639
73,saldanha,-33.0117,17.9442,290.18,62,7,5.12,ZA,1712879619
74,yeppoon,-23.1333,150.7333,297.03,69,0,5.86,AU,1712879639
75,qamdo,31.1667,97.2333,271.75,54,24,1.92,CN,1712879639
76,west island,-12.1568,96.8225,300.14,78,40,3.6,CC,1712879639
77,turmalina,-17.2856,-42.73,293.73,93,27,1.77,BR,1712879639
78,bengkulu,-3.8004,102.2655,298.03,93,100,1.43,ID,1712879362
79,port elizabeth,-33.918,25.5701,287.65,80,20,3.6,ZA,1712879639
80,bandon,51.7469,-8.7425,283.92,96,100,5.73,IE,1712879639
81,margaret river,-33.95,115.0667,286.97,78,5,5.66,AU,1712879639
82,wailua homesteads,22.0669,-159.378,300.39,81,0,1.54,US,1712879639
83,touros,-5.1989,-35.4608,299.36,88,99,2.87,BR,1712879395
84,papatowai,-46.5619,169.4708,281.5,77,100,2.05,NZ,1712879639
85,dudinka,69.4058,86.1778,243.53,100,84,3.58,RU,1712879639
86,punta arenas,-53.15,-70.9167,281.21,66,0,14.4,CL,1712879432
87,yanam,16.7333,82.2167,297.74,83,26,1.18,IN,1712879640
88,san antonio de pale,-1.4014,5.6325,300.75,76,100,0.7,GQ,1712879640
89,bardai,11.65,7.2333,300.76,11,92,4.15,NG,1712879640
90,san andres,12.5847,-81.7006,303.16,74,20,5.66,CO,1712879343
91,nagqu,31.5,92.0,271.09,52,100,4.28,CN,1712879385
92,luau,-10.7073,22.2247,292.06,97,79,1.62,AO,1712879640
93,sao tome,0.3365,6.7273,300.27,80,100,2.2,ST,1712879640
94,greenville,35.6127,-77.3663,295.24,88,100,8.75,US,1712879634
95,pionerskiy,54.9508,20.2275,286.01,96,100,9.42,RU,1712879641
96,goronyo,13.4423,5.6763,306.18,10,100,4.6,NG,1712879641
97,burnie,-41.0667,145.9167,287.29,69,84,4.39,AU,1712879641
98,santa marta,11.2408,-74.199,306.18,52,0,5.14,CO,1712879451
99,huarmey,-10.0681,-78.1522,296.44,78,33,3.78,PE,1712879641
100,nova sintra,14.8667,-24.7167,295.79,77,2,7.02,CV,1712879641
101,outjo,-20.1167,16.15,293.55,44,55,1.48,NA,1712879354
102,elhovo,42.1667,26.5667,289.38,71,13,0.9,BG,1712879641
103,college,64.8569,-147.8028,280.41,42,75,5.14,US,1712879366
104,barra de santo antonio,-9.4047,-35.5072,300.75,79,33,3.51,BR,1712879642
105,muisne,0.6,-80.0333,299.01,81,60,1.4,EC,1712879530
106,lihue,21.9789,-159.3672,300.73,76,0,1.54,US,1712879642
107,salinopolis,-0.6136,-47.3561,299.84,89,100,3.87,BR,1712879642
108,qalat,32.1058,66.9083,289.35,51,96,4.03,AF,1712879642
109,borba,-4.3878,-59.5939,297.78,97,86,0.95,BR,1712879642
110,nuuk,64.1835,-51.7216,270.49,93,100,3.6,GL,1712879643
111,susuman,62.7833,148.1667,260.92,92,99,1.34,RU,1712879643
112,afaahiti,-17.75,-149.2833,303.08,87,82,7.17,PF,1712879644
113,sao felix do xingu,-6.6447,-51.995,297.18,95,86,0.37,BR,1712879644
114,hawaiian paradise park,19.5933,-154.9731,296.41,97,100,2.06,US,1712879373
115,jhalawar,24.6,76.15,300.35,40,93,2.13,IN,1712879644
116,xichang,27.8964,102.2634,287.85,69,28,0.37,CN,1712879645
117,salahonda,2.1019,-78.7217,300.62,77,45,3.81,CO,1712879592
118,port lincoln,-34.7333,135.8667,288.44,60,100,3.56,AU,1712879371
119,springbok,-29.6643,17.8865,290.77,31,4,9.04,ZA,1712879645
120,isafjordur,66.0755,-23.124,270.08,94,100,13.38,IS,1712879395
121,ribeira grande,38.5167,-28.7,289.14,94,98,1.34,PT,1712879362
122,itoman,26.1247,127.6694,296.53,78,75,3.09,JP,1712879646
123,fale old settlement,-9.3852,-171.2468,302.91,75,20,3.88,TK,1712879608
124,katsuren-haebaru,26.3369,127.8719,296.53,85,0,3.09,JP,1712879646
125,alausi,-2.2,-78.8333,285.19,93,92,1.02,EC,1712879647
126,utrik,11.2278,169.8474,299.84,73,98,9.18,MH,1712879647
127,ulaangom,49.9811,92.0667,274.01,62,64,0.98,MN,1712879647
128,anadyr,64.75,177.4833,261.43,72,0,4.0,RU,1712879647
129,zhangye,38.9342,100.4517,286.27,31,63,2.75,CN,1712879647
130,lorengau,-2.0226,147.2712,300.71,78,100,1.41,PG,1712879370
131,nanga eboko,4.6833,12.3667,293.89,98,100,0.47,CM,1712879647
132,zhoucun,36.8167,117.8167,293.85,52,5,4.2,CN,1712879648
133,sevastopol,44.6,33.5333,284.82,55,0,3.71,UA,1712879574
134,saipan,15.1355,145.701,303.54,66,0,6.69,MP,1712879648
135,panj,37.2363,69.0991,292.89,57,100,1.25,TJ,1712879648
136,valparaiso,-33.0393,-71.6273,289.82,61,75,2.57,CL,1712879636
137,sitka,57.0531,-135.33,280.09,57,40,7.2,US,1712879648
138,keflavik,64.0049,-22.5624,277.1,87,75,6.69,IS,1712879398
139,kristiansund,63.1115,7.732,283.18,71,20,6.17,NO,1712879607
140,kerema,-7.9631,145.7785,298.01,93,100,3.52,PG,1712879649
141,talnakh,69.4865,88.3972,243.26,97,94,3.95,RU,1712879583
142,port mathurin,-19.6833,63.4167,299.84,76,9,4.97,MU,1712879423
143,nar'yan-mar,67.6713,53.087,274.88,100,100,7.6,RU,1712879649
144,thinadhoo,0.5333,72.9333,301.89,71,95,1.09,MV,1712879649
145,doume,4.2333,13.45,295.69,93,100,1.42,CM,1712879649
146,trenton,40.217,-74.7429,291.54,91,100,6.69,US,1712879497
147,sawankhalok,17.316,99.8319,300.89,78,19,1.03,TH,1712879649
148,jinan,36.6683,116.9972,293.23,51,0,3.95,CN,1712879650
149,taoudenni,22.6783,-3.9836,300.5,11,0,5.02,ML,1712879650
150,al jawf,29.5,38.75,291.59,36,0,2.5,SA,1712879650
151,charters towers,-20.1,146.2667,297.53,45,0,4.66,AU,1712879650
152,tindouf,27.6711,-8.1474,300.4,10,0,1.54,DZ,1712879650
153,siwa oasis,29.2041,25.5195,292.39,50,0,3.33,EG,1712879650
154,veinticinco de mayo,-35.4323,-60.1727,284.81,93,98,0.89,AR,1712879650
155,kabansk,52.0486,106.6528,276.02,96,99,0.95,RU,1712879650
156,tshabong,-26.05,22.45,290.38,37,0,4.17,BW,1712879650
157,mossel bay,-34.1831,22.146,288.26,71,0,2.26,ZA,1712879360
158,pankovka,58.5,31.1999,282.1,49,100,6.97,RU,1712879650
159,vadso,70.0744,29.7487,274.24,75,100,7.72,NO,1712879651
160,yanliang,34.6592,109.2292,285.7,57,0,0.59,CN,1712879651
161,kavaratti,10.5669,72.642,302.15,67,9,1.84,IN,1712879415
162,remire-montjoly,4.9167,-52.2667,301.17,89,75,1.54,GF,1712879651
163,tura,25.5198,90.2201,296.75,39,67,1.69,IN,1712879651
164,mount isa,-20.7333,139.5,297.02,31,0,5.14,AU,1712879424
165,mata-utu,-13.2816,-176.1745,302.79,75,40,4.91,WF,1712879651
166,jamestown,42.097,-79.2353,290.92,98,100,4.63,US,1712879651
167,saint-philippe,-21.3585,55.7679,298.92,85,51,1.86,RE,1712879452
168,hengchun,22.0042,120.7439,299.43,73,1,1.23,TW,1712879651
169,ban phru nai,7.9333,98.5833,299.21,75,24,5.42,TH,1712879651
170,port alfred,-33.5906,26.891,287.69,81,30,1.79,ZA,1712879651
171,hanceville,34.0607,-86.7675,286.83,92,100,4.55,US,1712879519
172,kruisfontein,-34.0033,24.7314,286.42,75,3,3.13,ZA,1712879651
173,prince rupert,54.3161,-130.3201,280.2,68,100,4.63,CA,1712879651
174,sosnogorsk,63.6023,53.8817,277.34,99,100,7.15,RU,1712879652
175,daru,-9.0763,143.2092,300.21,83,100,7.56,PG,1712879652
176,alliance,40.9153,-81.1059,290.01,97,100,5.37,US,1712879450
177,sur,22.5667,59.5289,302.99,46,85,3.07,OM,1712879652
178,waterville,44.552,-69.6317,280.75,99,100,0.0,US,1712879415
179,nizhnegorskiy,45.4479,34.7384,285.49,74,6,2.57,UA,1712879652
180,mawu,29.5923,107.3139,288.61,87,64,0.75,CN,1712879652
181,inongo,-1.95,18.2667,297.58,86,94,1.08,CD,1712879652
182,vernon,50.2581,-119.2691,288.49,43,100,1.03,CA,1712879461
183,bintulu,3.1667,113.0333,298.38,100,20,0.0,MY,1712879652
184,tual,-5.6667,132.75,301.75,71,88,2.73,ID,1712879605
185,revda,56.801,59.9303,281.76,87,100,7.77,RU,1712879652
186,acarau,-2.8856,-40.12,299.75,86,97,3.28,BR,1712879430
187,newman,37.3138,-121.0208,302.75,45,18,1.34,US,1712879653
188,ancud,-41.8697,-73.8203,282.85,74,0,2.06,CL,1712879603
189,porto novo,6.4965,2.6036,300.86,78,82,4.08,BJ,1712879377
190,kenai,60.5544,-151.2583,276.2,98,100,2.06,US,1712879540
191,tiksi,71.6872,128.8694,248.74,93,22,6.38,RU,1712879378
192,enewetak,11.3474,162.3373,300.06,79,96,9.21,MH,1712879653
193,minot air force base,48.4209,-101.3391,286.2,39,75,7.2,US,1712879653
194,hilo,19.7297,-155.09,297.38,98,100,2.68,US,1712879508
195,kargopol',61.5071,38.9456,275.76,87,65,5.38,RU,1712879653
196,labytnangi,66.6572,66.4183,266.69,95,100,5.38,RU,1712879653
197,lhokseumawe,5.1801,97.1507,297.84,88,28,2.41,ID,1712879653
198,fortuna,40.5982,-124.1573,288.11,78,20,6.69,US,1712879653
199,gizo,-8.103,156.8419,301.94,76,89,1.96,SB,1712879653
200,lebu,-37.6167,-73.65,284.14,93,1,2.15,CL,1712879653
201,holualoa,19.6228,-155.9522,298.46,70,100,2.57,US,1712879654
202,bathsheba,13.2167,-59.5167,301.49,74,20,7.72,BB,1712879654
203,cape coast,5.1053,-1.2466,300.77,82,100,1.64,GH,1712879654
204,fedorovskiy,45.0972,40.9517,285.81,71,99,3.08,RU,1712879654
205,codrington,-38.2667,141.9667,288.94,58,99,3.69,AU,1712879654
206,imishli,39.8709,48.06,286.37,78,100,4.64,AZ,1712879654
207,la passe,45.5549,-0.8967,285.36,93,41,3.06,FR,1712879385
208,sao marcos,-28.9711,-51.0681,290.48,99,100,1.77,BR,1712879654
209,homer,59.6425,-151.5483,277.62,62,100,4.63,US,1712879654
210,rio gallegos,-51.6226,-69.2181,282.18,46,20,7.2,AR,1712879479
211,santiago del torno,-17.9833,-63.3833,297.57,91,94,2.64,BO,1712879654
212,pospelikha,51.95,81.7667,271.03,77,92,4.5,RU,1712879654
213,birjand,32.8663,59.2211,287.41,67,75,3.09,IR,1712879654
214,sinabang,2.4803,96.3801,299.79,83,100,1.53,ID,1712879618
215,shalqar,47.8333,59.6,278.45,71,1,3.45,KZ,1712879397
216,meadow lakes,61.6247,-149.6011,278.55,58,100,3.09,US,1712879654
217,ingeniero jacobacci,-41.3427,-69.5448,278.54,75,99,6.19,AR,1712879655
218,luz,-19.8014,-45.6856,295.63,83,32,0.85,BR,1712879655
219,buruenesti,45.3167,26.35,286.85,73,6,2.06,RO,1712879655
220,amarkantak,22.6667,81.75,290.69,61,78,0.81,IN,1712879655
221,martigny-ville,46.1028,7.0725,288.39,80,82,3.51,CH,1712879655
222,flying fish cove,-10.4217,105.6791,299.97,83,75,3.6,CX,1712879622
223,udachny,66.4167,112.4,248.95,98,96,2.68,RU,1712879655
224,lumut,4.2323,100.6298,298.16,94,20,0.0,MY,1712879655
225,saint-joseph,-21.3667,55.6167,298.36,84,39,0.64,RE,1712879655
226,thompson,55.7435,-97.8558,274.24,75,100,3.6,CA,1712879655
227,churapcha,62.0025,132.4325,273.05,100,100,3.68,RU,1712879655
228,chui,-33.6971,-53.4616,290.89,56,98,3.58,UY,1712879656
229,cajabamba,-7.6167,-78.05,288.87,82,93,0.28,PE,1712879656
230,muscat,23.6139,58.5922,304.16,52,83,0.73,OM,1712879400
231,ormara,25.2088,64.6357,298.83,81,1,0.35,PK,1712879656
232,gao,16.6362,1.637,304.09,9,78,4.08,ML,1712879656
233,edson,53.5835,-116.4356,284.23,30,40,4.12,CA,1712879656
234,bikenibeu village,1.3673,173.1241,304.13,74,20,3.09,KI,1712879656
235,atlantis,-33.5667,18.4834,288.14,76,7,3.74,ZA,1712879656
236,praia da vitoria,38.7333,-27.0667,289.68,94,75,2.66,PT,1712879656
237,nouadhibou,20.931,-17.0347,292.14,88,0,3.6,MR,1712879656
238,hasaki,35.7333,140.8333,291.09,82,100,5.29,JP,1712879656
239,vila franca do campo,37.7167,-25.4333,291.42,99,45,1.81,PT,1712879656
240,yekaterinovka,52.0508,44.3451,288.23,74,100,3.1,RU,1712879656
241,belyy yar,53.6039,91.3903,271.09,86,40,2.0,RU,1712879657
242,santiago de cao,-7.9589,-79.2392,295.22,88,40,5.14,PE,1712879657
243,ghadamis,30.1337,9.5007,286.97,72,73,11.47,LY,1712879657
244,spas-klepiki,55.1347,40.1767,282.55,80,10,2.58,RU,1712879657
245,romny,50.751,33.4747,285.65,67,68,3.22,UA,1712879657
246,chateaudun,48.0833,1.3333,285.7,90,100,2.49,FR,1712879657
247,nema,57.5067,50.5011,278.48,89,2,4.39,RU,1712879657
248,mutoko,-17.397,32.2268,288.63,90,100,1.75,ZW,1712879657
249,colonia,50.9333,6.95,288.05,82,100,0.51,DE,1712879464
250,agat village,13.3886,144.6585,302.67,80,40,6.17,GU,1712879623
251,pocone,-16.2567,-56.6228,297.49,86,100,2.37,BR,1712879441
252,brookings,44.3114,-96.7984,284.36,51,75,10.29,US,1712879360
253,katsuura,35.1333,140.3,288.16,87,100,6.12,JP,1712879641
254,hammerfest,70.6634,23.6821,274.4,80,100,3.09,NO,1712879422
255,aykhal,66.0,111.5,250.55,93,86,2.3,RU,1712879658
256,iranshahr,27.2025,60.6848,299.38,42,36,0.95,IR,1712879658
257,okhotsk,59.3833,143.3,270.75,91,81,1.46,RU,1712879658
258,ambatolampy,-19.3833,47.4167,288.44,90,100,1.32,MG,1712879658
259,port blair,11.6667,92.75,301.17,89,7,0.51,IN,1712879358
260,portage la prairie,49.9728,-98.2926,284.2,50,20,9.26,CA,1712879524
261,lompoc,34.6391,-120.4579,300.25,67,0,4.63,US,1712879415
262,yuzhno-kurilsk,44.0306,145.8556,277.8,76,100,4.59,RU,1712879401
263,shenjiamen,29.9576,122.298,287.12,98,100,3.87,CN,1712879659
264,namibe,-15.1961,12.1522,295.95,71,0,2.12,AO,1712879659
265,vila velha,-20.3297,-40.2925,300.34,84,20,2.06,BR,1712879441
266,petropavlovsk-kamchatsky,53.0452,158.6483,278.48,31,0,4.0,RU,1712879659
267,spring creek,40.7266,-115.5859,294.16,23,2,2.24,US,1712879660
268,n'zeto,-7.2312,12.8666,299.72,83,100,4.05,AO,1712879660
269,pacific grove,36.6177,-121.9166,297.8,74,0,3.6,US,1712879660
270,kodinsk,58.6881,99.1844,267.84,92,100,0.82,RU,1712879660
271,kingston,17.997,-76.7936,302.68,76,20,8.75,JM,1712879126
272,nuku'alofa,-21.1333,-175.2,303.34,74,20,3.09,TO,1712879661
273,olonkinbyen,70.9221,-8.7187,264.83,89,100,7.11,SJ,1712879661
274,kayangel,8.0823,134.7173,301.21,75,74,4.98,PW,1712879384
275,vychegodskiy,61.247,46.8984,279.83,72,97,5.77,RU,1712879661
276,songea,-10.6833,35.65,291.64,98,100,0.15,TZ,1712879661
277,freetown,8.484,-13.2299,298.75,76,36,0.96,SL,1712879661
278,samastipur,25.85,85.7833,296.94,44,4,3.13,IN,1712879661
279,sovetskaya gavan',48.9723,140.2878,285.99,54,36,1.27,RU,1712879661
280,howrah,22.5892,88.3103,298.15,73,75,2.57,IN,1712879661
281,pisco,-13.7,-76.2167,296.18,78,0,8.75,PE,1712879651
282,chinde,26.8418,88.0763,290.33,38,9,3.06,NP,1712879662
283,behshahr,36.6923,53.5526,286.12,92,100,3.22,IR,1712879662
284,kodiak,57.79,-152.4072,274.88,93,100,3.09,US,1712879454
285,vaskelovo,60.3693,30.3534,280.7,93,100,6.49,RU,1712879662
286,hamilton,39.1834,-84.5333,286.84,89,100,10.73,US,1712879656
287,st. john's,47.5649,-52.7093,275.46,82,0,5.14,CA,1712879387
288,sabang,5.8933,95.3214,302.71,73,98,7.3,ID,1712879662
289,tyuratam,45.6507,63.3156,281.21,55,27,7.62,KZ,1712879662
290,vavoua,7.3819,-6.4778,297.79,86,98,1.84,CI,1712879662
291,port sudan,19.6175,37.2164,296.68,60,38,4.63,SD,1712879662
292,la'ie,21.6477,-157.9253,300.13,79,100,6.96,US,1712879662
293,kisangani,0.5167,25.2,296.51,84,89,1.86,CD,1712879663
294,port macquarie,-31.4333,152.9167,295.87,65,1,3.21,AU,1712879663
295,mendi,-6.1761,143.6513,288.53,96,100,0.75,PG,1712879663
296,dadukou,26.5479,101.7054,290.21,43,10,1.25,CN,1712879663
297,shingu,33.7333,135.9833,289.6,70,97,3.82,JP,1712879663
298,maumere,-8.6199,122.2111,300.91,74,64,1.66,ID,1712879663
299,egyek,47.6333,20.9,284.89,79,48,3.21,HU,1712879663
300,galveston,29.3669,-94.9669,300.21,38,0,7.2,US,1712879664
301,copala,16.65,-98.9833,300.3,67,9,2.06,MX,1712879664
302,ambodifotatra,-16.9833,49.85,300.52,86,67,4.34,MG,1712879664
303,quatre cocos,-20.2078,57.7625,299.31,84,8,2.2,MU,1712879664
304,visby,57.6409,18.296,283.17,87,0,9.77,SE,1712879649
305,muromtsevo,56.3724,75.2418,267.14,85,67,2.85,RU,1712879664
306,chai nat,15.1167,100.1,303.18,99,34,3.36,TH,1712879664
307,kiunga,-6.1219,141.2906,296.99,100,100,0.8,PG,1712879664
308,shuangjiang,26.1547,109.7138,291.12,99,100,0.75,CN,1712879665
309,oyotun,-6.8519,-79.3036,300.02,69,60,2.58,PE,1712879665
310,kailua-kona,19.6406,-155.9956,300.53,73,100,2.57,US,1712879390
311,tomatlan,19.9333,-105.25,300.78,45,26,2.69,MX,1712879665
312,kill devil hills,36.0307,-75.676,294.15,90,100,12.35,US,1712879665
313,new norfolk,-42.7826,147.0587,287.99,84,93,0.86,AU,1712879614
314,cabo san lucas,22.8909,-109.9124,299.76,40,40,5.14,MX,1712879396
315,champerico,14.3,-91.9167,307.45,69,58,3.19,GT,1712879665
316,big rapids,43.6981,-85.4837,281.87,89,100,5.14,US,1712879665
317,yinchuan,38.4681,106.2731,289.08,26,5,1.53,CN,1712879665
318,greymouth,-42.4667,171.2,285.4,83,81,5.24,NZ,1712879666
319,taulaga,-11.0553,-171.0883,302.79,75,30,4.06,AS,1712879666
320,kavieng,-2.5744,150.7967,301.28,75,98,1.79,PG,1712879652
321,mpulungu,-8.7623,31.1141,295.25,86,52,2.49,ZM,1712879666
322,reggane,26.7158,0.1714,297.5,19,0,7.22,DZ,1712879666
323,hadibu,12.65,54.0333,299.95,78,92,2.06,YE,1712879666
324,antonio enes,-16.2325,39.9086,298.8,87,81,5.84,MZ,1712879606
325,cockburn town,21.4612,-71.1419,298.39,81,4,9.6,TC,1712879666
326,rabigh,22.7986,39.0349,296.82,53,4,3.23,SA,1712879667
327,grand falls-windsor,48.9332,-55.6649,274.45,73,5,2.78,CA,1712879667
328,qa'en,33.7265,59.1844,287.32,62,54,2.56,IR,1712879667
329,babu,24.4167,111.5167,297.76,91,99,0.84,CN,1712879667
330,kargasok,59.0556,80.8572,259.24,93,22,1.79,RU,1712879668
331,harran,36.86,39.0314,288.5,74,23,1.56,TR,1712879668
332,maragogi,-9.0122,-35.2225,300.05,82,41,2.93,BR,1712879422
333,mukharram al fawqani,34.8151,37.0861,285.1,91,1,2.04,SY,1712879669
334,machico,32.7,-16.7667,297.11,59,0,5.66,PT,1712879669
335,val-d'or,48.1002,-77.7828,282.2,87,100,2.57,CA,1712879671
336,shima,24.4478,117.8111,294.16,76,5,0.78,CN,1712879671
337,belmonte,-15.8631,-38.8828,299.21,85,40,2.45,BR,1712879671
338,bandarbeyla,9.4942,50.8122,300.82,86,40,1.89,SO,1712879672
339,galeana,24.8333,-100.0667,290.77,25,57,4.58,MX,1712879673
340,kuusamo,65.9667,29.1833,274.17,75,0,3.6,FI,1712879673
341,luderitz,-26.6481,15.1594,294.67,47,0,1.85,NA,1712879674
342,pavlodar,52.3,76.95,272.04,93,75,3.0,KZ,1712879674
343,east london,-33.0153,27.9116,288.55,65,38,6.75,ZA,1712879452
344,georgetown,5.4112,100.3354,300.9,83,20,1.03,MY,1712879674
345,coquimbo,-29.9533,-71.3436,287.0,88,100,2.57,CL,1712879529
346,queenstown,-31.8976,26.8753,277.26,87,0,0.68,ZA,1712879445
347,labrador city,52.9463,-66.9114,277.1,70,100,5.66,CA,1712879410
348,hermanus,-34.4187,19.2345,285.82,75,33,6.9,ZA,1712879675
349,zorya,45.9908,29.6967,290.5,71,35,5.69,UA,1712879676
350,newport,51.5877,-2.9984,286.53,92,100,5.38,GB,1712879536
351,howard springs,-12.497,131.047,299.72,78,98,3.32,AU,1712879677
352,kiama,-34.6833,150.8667,294.4,74,0,0.45,AU,1712879679
353,ixtapa,20.7,-105.2,301.86,46,69,2.77,MX,1712879679
354,ouro preto do oeste,-10.7481,-62.2158,297.46,95,55,1.92,BR,1712879679
355,tazovsky,67.4667,78.7,251.77,92,68,7.5,RU,1712879680
356,bol,13.4586,14.7147,300.96,36,59,7.46,TD,1712879683
357,mola di bari,41.0609,17.0873,288.84,74,100,5.07,IT,1712879689
358,mugia,43.1041,-9.2179,287.54,72,94,2.39,ES,1712879626
359,villa gesell,-37.2639,-56.973,285.96,60,99,4.58,AR,1712879695
360,darnah,32.767,22.6367,290.07,81,100,7.62,LY,1712879695
361,karachi,24.9056,67.0822,298.05,78,1,2.57,PK,1712879696
362,sinnar,13.5691,33.5672,301.29,10,9,5.02,SD,1712879696
363,taunsa,30.7048,70.6505,299.01,28,27,3.99,PK,1712879696
364,quesnel,52.9999,-122.5029,286.43,35,75,5.14,CA,1712879696
365,newala kisimani,-10.95,39.2833,293.65,97,100,1.44,TZ,1712879696
366,altay,47.8667,88.1167,275.3,97,100,1.63,CN,1712879696
367,ambon,-3.6954,128.1814,302.23,74,40,3.09,ID,1712879696
368,dalian,38.9122,121.6022,285.11,71,0,4.0,CN,1712879696
369,akim swedru,5.8938,-1.0164,298.23,94,100,0.81,GH,1712879696
370,luanda,-8.8368,13.2343,300.15,84,75,3.09,AO,1712879461
371,hohhot,40.8106,111.6522,282.31,53,0,3.0,CN,1712879696
372,mirny,62.5353,113.9611,250.5,99,94,1.34,RU,1712879696
373,alice springs,-23.7,133.8833,292.16,33,3,3.09,AU,1712879697
374,nadym,65.5333,72.5167,260.35,89,100,13.72,RU,1712879697
375,al ghayzah,16.2079,52.176,299.8,73,98,3.29,YE,1712879697
376,prince albert,53.2001,-105.7677,282.12,49,40,4.12,CA,1712879697
377,ulanhot,46.0833,122.0833,287.73,54,100,4.12,CN,1712879697
378,conception bay south,47.4999,-52.9981,275.33,80,1,4.41,CA,1712879595
379,borkum,53.5809,6.6915,286.45,92,100,7.03,DE,1712879697
380,ouadda,8.0777,22.4007,297.3,18,31,2.36,CF,1712879697
381,iskateley,67.6803,53.1512,274.83,100,100,7.6,RU,1712879697
382,south sioux city,42.4739,-96.4136,287.12,28,75,8.75,US,1712879697
383,alness,57.696,-4.2551,287.02,82,100,2.59,GB,1712879697
384,yerofey pavlovich,53.9667,121.9667,274.91,92,100,2.09,RU,1712879697
385,fayzabad,37.1166,70.58,288.15,44,100,2.71,AF,1712879698
386,concepcion del oro,24.6333,-101.4167,292.11,22,45,8.85,MX,1712879698
387,poli,-3.3333,36.8,290.24,94,86,0.91,TZ,1712879698
388,protaras,35.0125,34.0583,290.92,95,3,0.45,CY,1712879698
389,sao vicente,-23.9631,-46.3919,298.3,59,88,0.45,BR,1712879622
390,sandpoint,48.2766,-116.5533,290.29,38,0,1.54,US,1712879697
391,northam,51.0333,-4.2167,283.37,95,80,7.0,GB,1712879698
392,brisas de zicatela,15.8369,-97.0419,303.44,70,0,2.57,MX,1712879449
393,chaozhou,23.6651,116.6379,294.07,72,9,0.35,CN,1712879698
394,kushuhum,47.7144,35.2092,288.74,64,3,2.99,UA,1712879698
395,puerto aysen,-45.4,-72.7,278.2,92,0,0.31,CL,1712879698
396,manta,-0.95,-80.7333,301.03,78,20,4.63,EC,1712879522
397,kolokani,13.5728,-8.0339,302.81,32,71,1.93,ML,1712879698
398,naze,28.3667,129.4833,293.66,86,91,3.75,JP,1712879698
399,guanare,9.0418,-69.7421,304.25,34,3,1.24,VE,1712879698
400,gadzhiyevo,69.2551,33.3362,272.24,88,100,11.39,RU,1712879602
401,chilliwack,49.1747,-121.9443,282.6,92,100,0.89,CA,1712879699
402,kirakira,-10.4544,161.9205,303.56,64,89,2.34,SB,1712879699
403,farafangana,-22.8167,47.8333,297.25,86,100,3.63,MG,1712879699
404,mina clavero,-31.721,-65.0062,284.81,99,95,1.84,AR,1712879699
405,salalah,17.0151,54.0924,301.2,69,40,2.06,OM,1712879603
406,panaba,21.2833,-88.2667,296.99,60,91,5.57,MX,1712879699
407,ji'an,27.1172,114.9793,292.74,94,100,0.65,CN,1712879699
408,ketchikan,55.3422,-131.6461,280.56,81,75,1.54,US,1712879699
409,antigonish,45.6169,-61.9986,278.61,68,78,1.79,CA,1712879590
410,looe,50.3578,-4.4542,284.89,92,55,5.51,GB,1712879699
411,palapag,12.5458,125.1147,299.98,86,75,2.97,PH,1712879699
412,mediesu aurit,47.7833,23.15,285.79,94,35,1.23,RO,1712879699
413,puerto baquerizo moreno,-0.9,-89.6,299.13,84,64,3.34,EC,1712879408
414,igrim,63.1906,64.4162,274.78,99,100,4.65,RU,1712879699
415,palmer,42.1584,-72.3287,288.63,81,100,2.57,US,1712879699
416,alesund,62.4723,6.1549,283.66,66,90,7.2,NO,1712879699
417,fort st. john,56.2499,-120.8529,283.09,40,100,3.6,CA,1712879414
418,soata,6.3337,-72.6828,285.47,83,68,0.94,CO,1712879699
419,ressano garcia,-25.442,31.9913,288.88,79,38,2.15,MZ,1712879699
420,nikel,69.4128,30.222,273.25,92,99,7.09,RU,1712879700
421,chanika,-5.4167,38.0167,294.06,99,60,1.22,TZ,1712879700
422,shimoda,34.6667,138.95,286.54,81,89,7.02,JP,1712879700
423,saint-felicien,48.6501,-72.4491,281.43,100,100,1.54,CA,1712879700
424,kismayo,-0.3582,42.5454,302.0,77,44,3.27,SO,1712879700
425,vilyuysk,63.7553,121.6247,254.26,96,58,2.68,RU,1712879700
426,ati,13.2154,18.3353,302.93,8,90,7.09,TD,1712879700
427,horta,38.5333,-28.6333,288.72,94,95,1.34,PT,1712879603
428,skovorodino,53.9833,123.9167,274.66,85,100,2.79,RU,1712879700
429,bodo,67.28,14.405,277.17,70,75,5.14,NO,1712879700
430,butembo,0.15,29.2833,288.16,94,95,1.27,CD,1712879700
431,papao,-17.75,-149.55,303.97,86,91,8.17,PF,1712879701
432,olinda,-8.0089,-34.8553,302.0,84,40,3.6,BR,1712879701
433,nantucket,41.2835,-70.0995,284.23,99,100,5.14,US,1712879670
434,durres,41.3231,19.4414,285.25,83,0,0.48,AL,1712879701
435,bontang,0.1333,117.5,300.36,82,92,4.28,ID,1712879701
436,mlalo,-4.9333,38.9333,297.55,94,25,2.27,TZ,1712879701
437,kerben,40.2951,72.1863,285.43,41,98,1.7,KG,1712879701
438,benguela,-12.5763,13.4055,298.46,86,100,2.25,AO,1712879702
439,amahai,-3.3333,128.9167,301.13,73,88,0.9,ID,1712879702
440,raduzhnyy,62.0961,77.475,257.73,91,92,5.51,RU,1712879702
441,chibougamau,49.9168,-74.3659,280.94,76,100,3.6,CA,1712879703
442,kurumkan,54.3,110.3,276.55,79,100,2.24,RU,1712879703
443,boa vista,2.8197,-60.6733,306.14,49,20,5.66,BR,1712879703
444,itamaraca,-7.7478,-34.8256,302.18,81,38,2.93,BR,1712879703
445,sabha,27.0377,14.4283,294.98,16,1,10.07,LY,1712879703
446,tevriz,57.509,72.4042,269.61,85,67,4.07,RU,1712879703
447,juneau,58.3019,-134.4197,280.05,65,75,5.66,US,1712879584
448,mutuali,-14.8706,37.0044,294.1,94,100,1.44,MZ,1712879704
449,labasa,-16.4167,179.3833,303.99,64,82,2.33,FJ,1712879704
450,ahraura,25.0167,83.0167,298.29,44,45,3.15,IN,1712879704
451,broken hill,-31.95,141.4333,288.76,49,34,4.7,AU,1712879704
452,dubbo,-32.25,148.6167,292.22,68,0,5.66,AU,1712879705
453,putina,-15.4667,-69.4333,282.89,72,54,2.79,PE,1712879705
454,bukhara,39.7747,64.4286,290.12,59,75,2.06,UZ,1712879705
455,al hoceima,35.2433,-3.9309,291.72,37,0,3.09,MA,1712879705
456,olyokminsk,60.3736,120.4264,265.06,74,98,3.29,RU,1712879705
457,malvan,16.0667,73.4667,299.39,63,31,4.54,IN,1712879705
458,lata,40.1629,-8.3327,292.55,83,97,1.54,PT,1712879706
459,barcelos,41.5388,-8.6151,294.09,80,100,2.44,PT,1712879706
460,belozersk,60.0326,37.7957,278.38,72,88,5.9,RU,1712879706
461,sumbawa besar,-8.5,117.4333,299.55,90,84,0.79,ID,1712879706
462,shevchenko,48.5,35.0,292.76,59,99,2.25,UA,1712879707
463,gladstone,-23.85,151.25,298.11,61,75,5.66,AU,1712879705
464,antofagasta,-23.65,-70.4,292.75,87,81,2.44,CL,1712879707
465,eduardo castex,-35.915,-64.2945,281.49,87,100,4.38,AR,1712879707
466,pumiao,22.75,108.4833,297.37,90,100,3.59,CN,1712879708
467,susanville,40.4163,-120.653,297.06,21,0,9.77,US,1712879708
468,antalaha,-14.9003,50.2788,297.86,92,36,1.63,MG,1712879709
469,filey,54.21,-0.2892,288.18,85,100,4.47,GB,1712879709
470,mana,5.6592,-53.7767,299.08,87,96,4.17,GF,1712879709
471,bangassou,4.7413,22.8184,297.55,53,24,0.8,CF,1712879709
472,polyarnyy,69.1989,33.4478,272.11,88,100,11.21,RU,1712879709
473,sisimiut,66.9395,-53.6735,268.05,90,96,2.07,GL,1712879709
474,kulhudhuffushi,6.6221,73.07,302.68,75,41,4.47,MV,1712879709
475,cleja,46.4167,26.9,287.03,71,0,1.03,RO,1712879709
476,mournies,35.4764,24.0092,291.94,94,0,2.06,GR,1712879710
477,dunay,42.8803,132.3375,277.89,91,8,3.62,RU,1712879710
478,wanning,18.8003,110.3967,299.09,85,30,1.15,CN,1712879710
479,janeng,-25.4167,25.55,283.95,65,0,2.74,BW,1712879710
480,petra,30.3222,35.4793,283.95,73,0,1.02,JO,1712879710
481,kununurra,-15.7667,128.7333,298.14,53,40,3.09,AU,1712879453
482,chibuto,-24.6867,33.5306,291.11,85,39,2.57,MZ,1712879710
483,i-n-salah,27.1935,2.4607,294.24,26,0,5.52,DZ,1712879710
484,novodvinsk,64.4165,40.8122,278.03,97,99,6.44,RU,1712879711
485,redcliff,-19.0333,29.7833,289.81,75,62,5.65,ZW,1712879711
486,nemuro,43.3236,145.575,278.44,94,100,7.5,JP,1712879711
487,sanya,18.2431,109.505,299.24,89,20,3.0,CN,1712879661
488,sake,-1.5736,29.045,290.28,96,96,0.59,CD,1712879711
489,cuajinicuilapa,16.4667,-98.4167,303.46,50,17,3.12,MX,1712879711
490,broome,42.2506,-75.833,291.18,83,100,6.17,US,1712879589
491,shelbyville,35.4834,-86.4603,286.5,40,0,2.57,US,1712879711
492,bubaque,11.2833,-15.8333,297.23,71,0,9.57,GW,1712879711
493,pahlgam,34.0333,75.3333,272.85,76,62,4.31,IN,1712879711
494,ola,59.5833,151.2833,269.34,83,35,0.95,RU,1712879711
495,mount gambier,-37.8333,140.7667,287.36,60,100,2.06,AU,1712879711
496,san juan bautista,-14.0108,-75.7358,298.15,59,39,3.21,PE,1712879712
497,puerto quijarro,-17.7833,-57.7667,298.2,91,95,1.03,BO,1712879712
498,umm kaddadah,13.6017,26.6876,297.38,13,3,6.14,SD,1712879712
499,sarpang,26.864,90.2674,292.72,46,51,2.23,BT,1712879712
500,todos santos,23.45,-110.2167,302.76,66,87,1.75,MX,1712879712
501,nogliki,51.8333,143.1667,276.67,88,47,5.36,RU,1712879632
502,urengoy,65.9667,78.3667,253.01,91,100,7.56,RU,1712879712
503,chardara,41.2547,67.9692,289.18,60,100,3.09,KZ,1712879712
504,saint lucia,-27.5,153.0,299.17,68,0,4.63,AU,1712879712
505,la ronge,55.1001,-105.2842,278.29,60,20,5.14,CA,1712879712
506,pingliang,35.5392,106.6861,287.89,49,1,1.39,CN,1712879712
507,caleta de carquin,-11.0925,-77.6267,295.52,81,62,4.99,PE,1712879712
508,kuta,-8.7233,115.1723,301.12,88,40,1.03,ID,1712879713
509,matoury,4.8483,-52.3317,301.13,89,75,1.54,GF,1712879565
510,hincesti,46.8258,28.5936,287.91,66,16,4.34,MD,1712879713
511,havre,49.5833,0.3333,287.37,88,100,2.57,FR,1712879713
512,la sarre,48.8002,-79.1996,281.22,87,100,3.45,CA,1712879713
513,geraldton,-28.7667,114.6,294.38,64,100,3.09,AU,1712879711
514,impfondo,1.6381,18.0667,296.96,88,97,1.1,CG,1712879713
515,funafuti,-8.5243,179.1942,306.15,75,75,1.03,TV,1712879713
516,taltal,-25.4,-70.4833,291.71,78,51,1.4,CL,1712879713
517,buala,-8.145,159.5921,303.17,67,100,1.82,SB,1712879713
518,doaba,33.4244,70.7364,292.58,45,50,1.91,PK,1712879713
519,gwadar,25.1216,62.3254,298.39,88,28,1.96,PK,1712879434
520,lamu,-2.2717,40.902,300.78,86,68,3.79,KE,1712879713
521,rabaul,-4.1967,152.1721,301.32,74,100,0.31,PG,1712879713
522,kapuskasing,49.4169,-82.4331,288.15,38,100,3.6,CA,1712879713
523,penzance,50.1186,-5.5371,284.53,87,69,7.97,GB,1712879713
524,midvagur,62.0511,-7.1939,281.61,87,100,4.12,FO,1712879713
525,selfoss,63.9331,-20.9971,275.95,96,100,2.46,IS,1712879714
526,abbeville,50.1,1.8333,286.07,96,67,2.69,FR,1712879426
527,sambava,-14.2667,50.1667,297.97,94,52,1.78,MG,1712879714
528,pirai do sul,-24.5261,-49.9486,291.85,88,100,3.21,BR,1712879714
529,torghay,49.6339,63.4981,276.21,64,7,2.44,KZ,1712879647
530,pregradnaya,43.9508,41.1994,283.16,89,79,1.33,RU,1712879714
531,bekovo,52.4663,43.712,287.64,83,100,2.98,RU,1712879714
532,sao jose da coroa grande,-8.8978,-35.1478,300.53,81,43,3.39,BR,1712879714
533,ljusdal,61.8288,16.0913,276.97,86,70,3.09,SE,1712879714
534,el nido,11.1858,119.3956,301.53,71,63,4.13,PH,1712879714
535,quellon,-43.1167,-73.6167,282.01,74,0,1.97,CL,1712879714
536,broceni,56.7,22.5333,281.7,90,100,6.67,LV,1712879714
537,santa elena de uairen,4.6167,-61.1333,299.12,50,96,3.25,VE,1712879627
538,mount pearl,47.5166,-52.7813,275.0,82,0,5.14,CA,1712879431
539,bamboo flat,11.7,92.7167,301.2,89,7,0.51,IN,1712879714
540,kudahuvadhoo,2.6708,72.8944,302.32,69,44,1.29,MV,1712879715
541,poronaysk,49.2167,143.1167,283.25,61,35,3.65,RU,1712879715
542,dunedin,-45.8742,170.5036,282.48,92,100,1.34,NZ,1712879714
543,pampa del indio,-26.0647,-59.919,290.64,99,100,2.96,AR,1712879715
544,ugoofaaru,5.6667,73.0,302.18,73,80,2.41,MV,1712879715
545,beyneu,45.3167,55.2,282.69,61,0,4.46,KZ,1712879611
546,sirjan,29.452,55.6814,288.35,56,0,1.96,IR,1712879715
547,morondava,-20.2833,44.2833,297.47,74,95,5.42,MG,1712879622
548,missoula,47.0166,-113.8009,286.79,57,87,1.84,US,1712879701
549,orlovskiy,46.8714,42.0592,288.72,59,81,1.42,RU,1712879715
550,ocean city,39.2776,-74.5746,290.29,91,100,4.02,US,1712879678
551,xiulin,29.7167,112.4,290.32,87,1,1.22,CN,1712879715
